lane_id,lsp_id,quoted_price,accepted_price,on_time_delivery_pct,response_time_hours,date
Lane_A,LSP_01,1103.67,880.61,94.6,0.9,2024-11-23
Lane_A,LSP_01,1085.89,784.14,99.7,2.8,2024-02-27
Lane_A,LSP_01,1007.05,730.64,96.6,1.4,2024-01-13
Lane_A,LSP_01,961.59,741.03,89.8,1.4,2024-05-20
Lane_A,LSP_01,952.72,705.04,95.9,1.3,2024-05-05
Lane_A,LSP_01,840.04,676.14,95.2,0.6,2024-04-24
Lane_A,LSP_01,999.56,781.18,95.3,1.4,2024-03-12
Lane_A,LSP_01,1148.74,820.72,93.2,3.9,2024-02-22
Lane_A,LSP_01,1052.65,743.3,91.8,1.8,2024-12-12
Lane_A,LSP_01,1092.93,862.06,95.6,0.5,2024-10-06
Lane_A,LSP_01,921.18,763.8,95.6,2.2,2024-02-14
Lane_A,LSP_01,1142.18,939.87,94.7,1.7,2024-10-29
Lane_A,LSP_01,906.15,734.54,92.8,0.7,2024-08-04
Lane_A,LSP_01,965.94,746.66,96.0,1.6,2024-01-17
Lane_A,LSP_01,986.31,692.71,96.8,2.6,2024-01-16
Lane_A,LSP_01,1142.77,911.36,92.5,1.7,2024-02-17
Lane_A,LSP_01,1087.13,810.05,97.9,1.8,2024-04-21
Lane_A,LSP_01,1012.96,754.03,97.4,3.4,2024-04-29
Lane_A,LSP_01,1046.8,750.9,98.0,3.0,2024-09-15
Lane_A,LSP_01,1133.56,879.0,94.9,3.6,2024-11-04
Lane_A,LSP_02,903.03,676.87,90.5,4.6,2024-01-14
Lane_A,LSP_02,1269.25,1037.15,87.3,6.4,2024-10-14
Lane_A,LSP_02,1312.79,1021.35,86.4,5.8,2024-04-11
Lane_A,LSP_02,1122.31,862.55,90.7,6.3,2024-11-28
Lane_A,LSP_02,1112.02,968.4,89.5,7.4,2024-12-25
Lane_A,LSP_02,1182.56,1030.41,85.9,5.7,2024-10-06
Lane_A,LSP_02,1125.79,968.65,83.6,3.3,2024-08-02
Lane_A,LSP_02,1199.55,932.13,87.0,5.2,2024-04-22
Lane_A,LSP_02,1148.87,940.43,89.2,5.1,2024-08-17
Lane_A,LSP_02,1305.4,1151.27,82.2,6.0,2024-10-28
Lane_A,LSP_02,1171.02,882.02,95.4,6.5,2024-05-22
Lane_A,LSP_02,1139.1,887.94,87.9,4.8,2024-01-04
Lane_A,LSP_02,1279.28,996.87,90.3,5.2,2024-03-22
Lane_A,LSP_02,1303.4,1087.62,89.8,8.2,2024-12-23
Lane_A,LSP_02,1065.95,801.28,86.3,7.7,2024-08-04
Lane_A,LSP_02,1252.36,937.17,83.3,6.1,2024-06-23
Lane_A,LSP_02,1058.77,892.17,89.4,6.6,2024-05-22
Lane_A,LSP_02,1148.91,879.18,85.7,5.7,2024-03-20
Lane_A,LSP_02,1246.35,1072.25,84.3,7.4,2024-04-20
Lane_A,LSP_02,1418.92,1106.51,88.8,6.8,2024-06-21
Lane_A,LSP_03,957.3,774.81,88.0,4.1,2024-02-22
Lane_A,LSP_03,1202.71,870.33,92.9,2.8,2024-02-17
Lane_A,LSP_03,1267.58,1013.41,93.4,4.2,2024-07-13
Lane_A,LSP_03,985.55,733.34,95.5,2.7,2024-02-19
Lane_A,LSP_03,1177.34,942.15,93.2,2.6,2024-07-02
Lane_A,LSP_03,1095.59,834.31,89.3,2.7,2024-06-25
Lane_A,LSP_03,1073.29,892.5,93.0,4.7,2024-11-05
Lane_A,LSP_03,1134.8,884.62,91.2,6.2,2024-05-15
Lane_A,LSP_03,1143.57,857.57,89.4,3.5,2024-01-23
Lane_A,LSP_03,1067.27,785.57,91.3,4.2,2024-08-23
Lane_A,LSP_03,1128.32,949.05,91.8,3.0,2024-10-01
Lane_A,LSP_03,1158.7,885.06,90.7,4.4,2024-03-04
Lane_A,LSP_03,1102.41,923.21,88.3,4.1,2024-07-12
Lane_A,LSP_03,1257.29,912.02,92.2,2.4,2024-02-10
Lane_A,LSP_03,1116.78,899.57,93.7,2.5,2024-10-09
Lane_A,LSP_03,1219.2,916.37,93.5,4.0,2024-05-30
Lane_A,LSP_03,1132.5,927.56,100.0,4.8,2024-11-17
Lane_A,LSP_03,1179.82,965.92,91.1,4.3,2024-11-12
Lane_A,LSP_03,1003.72,792.58,91.3,3.5,2024-07-04
Lane_A,LSP_03,1027.53,806.49,94.1,1.9,2024-10-22
Lane_A,LSP_04,1087.81,817.47,88.3,5.6,2024-04-08
Lane_A,LSP_04,1147.86,876.62,82.8,4.2,2024-12-26
Lane_A,LSP_04,1139.56,921.22,83.0,5.4,2024-02-05
Lane_A,LSP_04,1217.88,1057.48,78.9,4.2,2024-01-24
Lane_A,LSP_04,1068.82,849.09,87.6,3.2,2024-12-04
Lane_A,LSP_04,1301.13,986.06,83.6,3.3,2024-04-26
Lane_A,LSP_04,1311.55,1081.84,86.2,4.4,2024-05-28
Lane_A,LSP_04,1300.14,1063.76,80.4,3.5,2024-02-10
Lane_A,LSP_04,1261.69,928.58,82.9,3.8,2024-04-29
Lane_A,LSP_04,1322.2,988.3,75.3,3.0,2024-02-21
Lane_A,LSP_04,1109.74,875.41,81.3,5.5,2024-07-13
Lane_A,LSP_04,1267.33,938.12,89.3,2.6,2024-05-22
Lane_A,LSP_04,1251.32,1031.9,85.0,3.8,2024-08-20
Lane_A,LSP_04,1141.09,929.55,85.3,4.7,2024-11-21
Lane_A,LSP_04,1293.6,1031.09,81.3,4.7,2024-07-05
Lane_A,LSP_04,1142.1,898.99,85.8,3.4,2024-03-24
Lane_A,LSP_04,1114.19,947.37,83.5,3.4,2024-07-08
Lane_A,LSP_04,1099.45,912.42,87.7,4.3,2024-06-30
Lane_A,LSP_04,1216.29,939.96,86.9,4.6,2024-04-17
Lane_A,LSP_04,1063.99,899.11,84.9,4.1,2024-12-09
Lane_A,LSP_05,1157.77,852.37,95.2,3.1,2024-05-16
Lane_A,LSP_05,986.05,778.88,100.0,1.5,2024-12-25
Lane_A,LSP_05,1098.2,815.41,96.1,1.2,2024-12-15
Lane_A,LSP_05,968.69,789.74,97.3,2.1,2024-11-27
Lane_A,LSP_05,948.18,692.21,100.0,2.7,2024-02-06
Lane_A,LSP_05,910.33,718.82,98.9,2.1,2024-11-07
Lane_A,LSP_05,1028.78,719.6,94.3,0.5,2024-11-21
Lane_A,LSP_05,1207.04,974.3,94.5,1.2,2024-03-28
Lane_A,LSP_05,1071.29,827.27,95.3,1.1,2024-09-30
Lane_A,LSP_05,1050.38,838.87,95.6,1.7,2024-05-05
Lane_A,LSP_05,885.19,705.91,92.8,0.8,2024-03-24
Lane_A,LSP_05,1166.01,819.51,97.9,3.0,2024-08-24
Lane_A,LSP_05,1115.77,788.21,96.5,1.2,2024-07-13
Lane_A,LSP_05,1029.54,775.05,98.0,0.7,2024-05-18
Lane_A,LSP_05,1081.93,883.77,100.0,0.5,2024-11-23
Lane_A,LSP_05,945.59,760.91,97.7,1.5,2024-12-18
Lane_A,LSP_05,1039.77,850.29,94.7,3.8,2024-10-12
Lane_A,LSP_05,1070.62,837.52,100.0,0.7,2024-04-22
Lane_A,LSP_05,1117.23,779.71,97.6,1.4,2024-12-16
Lane_A,LSP_05,1127.63,871.05,94.5,0.9,2024-06-15
Lane_A,LSP_06,997.61,845.58,76.4,6.1,2024-01-29
Lane_A,LSP_06,1246.25,1097.42,75.3,8.5,2024-04-27
Lane_A,LSP_06,1077.98,967.61,83.5,7.9,2024-01-17
Lane_A,LSP_06,1181.78,1040.1,72.9,9.4,2024-06-10
Lane_A,LSP_06,1198.55,986.91,81.7,7.9,2024-07-24
Lane_A,LSP_06,1204.45,1069.4,78.0,8.0,2024-05-17
Lane_A,LSP_06,1164.99,965.24,79.9,6.6,2024-02-03
Lane_A,LSP_06,1263.55,1086.93,73.4,9.3,2024-04-18
Lane_A,LSP_06,1243.23,1042.49,75.8,8.1,2024-10-17
Lane_A,LSP_06,1365.13,1209.6,84.2,9.8,2024-06-10
Lane_A,LSP_06,1185.1,928.17,80.9,9.5,2024-04-18
Lane_A,LSP_06,1297.78,1031.1,81.2,6.2,2024-12-01
Lane_A,LSP_06,1091.67,975.43,71.9,8.2,2024-09-12
Lane_A,LSP_06,992.91,870.05,82.9,6.6,2024-07-21
Lane_A,LSP_06,1039.66,862.68,77.8,8.0,2024-11-25
Lane_A,LSP_06,1250.31,1014.12,74.1,8.7,2024-08-22
Lane_A,LSP_06,1246.66,984.93,75.2,8.7,2024-03-14
Lane_A,LSP_06,1180.93,982.41,75.0,8.5,2024-05-15
Lane_A,LSP_06,1156.97,913.27,75.6,6.6,2024-03-12
Lane_A,LSP_06,1190.85,971.95,83.9,8.0,2024-05-06
Lane_A,LSP_07,1035.03,869.69,90.6,5.9,2024-10-14
Lane_A,LSP_07,1042.96,858.67,88.4,4.4,2024-10-02
Lane_A,LSP_07,1077.49,868.13,83.1,4.4,2024-05-14
Lane_A,LSP_07,885.79,729.17,91.7,5.3,2024-10-26
Lane_A,LSP_07,1412.89,1040.6,93.4,6.5,2024-08-07
Lane_A,LSP_07,859.33,648.64,87.7,3.6,2024-10-25
Lane_A,LSP_07,1040.34,767.99,86.8,5.2,2024-07-23
Lane_A,LSP_07,1196.06,973.51,90.0,6.5,2024-07-04
Lane_A,LSP_07,1112.74,891.8,87.4,4.6,2024-04-22
Lane_A,LSP_07,1263.2,933.85,87.4,3.6,2024-03-11
Lane_A,LSP_07,1197.62,922.41,95.7,5.0,2024-09-17
Lane_A,LSP_07,1117.74,842.9,88.0,4.5,2024-09-09
Lane_A,LSP_07,1045.76,779.58,87.4,2.5,2024-02-16
Lane_A,LSP_07,1173.46,1003.3,89.3,4.1,2024-01-25
Lane_A,LSP_07,1047.32,780.4,92.3,5.5,2024-02-26
Lane_A,LSP_07,1125.75,897.64,85.0,5.5,2024-03-19
Lane_A,LSP_07,1038.74,795.48,91.7,5.3,2024-11-17
Lane_A,LSP_07,830.9,627.18,90.8,4.1,2024-03-22
Lane_A,LSP_07,1168.86,868.34,85.0,7.8,2024-12-14
Lane_A,LSP_07,943.9,688.12,87.4,4.6,2024-08-04
Lane_A,LSP_08,1166.63,863.45,91.3,3.6,2024-11-01
Lane_A,LSP_08,1143.16,897.72,85.6,1.7,2024-02-02
Lane_A,LSP_08,1123.71,917.41,92.4,2.7,2024-07-16
Lane_A,LSP_08,1074.94,785.14,93.3,2.3,2024-07-14
Lane_A,LSP_08,1182.78,857.41,93.8,1.9,2024-11-01
Lane_A,LSP_08,1124.83,818.96,94.2,2.1,2024-08-27
Lane_A,LSP_08,1094.98,825.53,99.2,2.2,2024-09-27
Lane_A,LSP_08,1160.76,945.51,86.9,1.5,2024-05-08
Lane_A,LSP_08,878.92,707.9,91.9,0.9,2024-10-10
Lane_A,LSP_08,1067.61,881.36,95.5,0.5,2024-01-06
Lane_A,LSP_08,1089.56,786.54,95.3,2.7,2024-12-14
Lane_A,LSP_08,1122.89,843.02,94.0,2.1,2024-02-28
Lane_A,LSP_08,1129.28,931.42,99.8,2.0,2024-12-15
Lane_A,LSP_08,1106.38,827.23,95.5,1.6,2024-10-01
Lane_A,LSP_08,1073.16,866.45,91.6,2.2,2024-05-16
Lane_A,LSP_08,1148.91,936.57,92.2,1.5,2024-11-24
Lane_A,LSP_08,1021.57,752.66,94.1,3.5,2024-06-23
Lane_A,LSP_08,1163.36,920.59,94.2,4.4,2024-02-27
Lane_A,LSP_08,988.62,722.14,89.3,2.7,2024-05-30
Lane_A,LSP_08,1149.56,873.08,95.0,2.4,2024-08-10
Lane_A,LSP_09,1208.0,994.58,76.6,6.8,2024-03-21
Lane_A,LSP_09,1184.69,1036.57,80.3,7.7,2024-08-20
Lane_A,LSP_09,1228.1,1046.0,80.7,7.3,2024-01-02
Lane_A,LSP_09,1066.02,892.85,84.8,6.5,2024-05-14
Lane_A,LSP_09,1081.04,963.06,79.6,9.5,2024-09-13
Lane_A,LSP_09,1232.4,996.1,79.5,6.6,2024-04-01
Lane_A,LSP_09,1078.79,892.99,75.0,6.8,2024-09-16
Lane_A,LSP_09,1242.81,995.4,79.0,8.7,2024-02-24
Lane_A,LSP_09,1154.04,890.76,75.5,7.0,2024-11-16
Lane_A,LSP_09,1048.09,850.07,79.3,7.7,2024-06-01
Lane_A,LSP_09,1364.9,1028.92,83.4,6.0,2024-11-23
Lane_A,LSP_09,1231.67,1093.12,79.2,5.9,2024-09-16
Lane_A,LSP_09,1437.34,1094.47,80.2,6.2,2024-11-07
Lane_A,LSP_09,1247.43,1096.02,78.3,6.5,2024-04-11
Lane_A,LSP_09,1176.72,978.61,78.4,8.4,2024-03-19
Lane_A,LSP_09,914.06,744.18,83.7,4.9,2024-07-10
Lane_A,LSP_09,1145.73,1000.81,78.9,6.9,2024-03-23
Lane_A,LSP_09,1232.78,974.11,76.7,8.8,2024-10-03
Lane_A,LSP_09,1273.57,962.59,83.8,6.3,2024-09-28
Lane_A,LSP_09,1107.17,937.48,78.4,7.5,2024-01-01
Lane_A,LSP_10,997.79,739.93,89.1,5.3,2024-11-02
Lane_A,LSP_10,1025.96,866.73,85.9,5.7,2024-06-14
Lane_A,LSP_10,1011.89,777.15,88.8,2.8,2024-09-07
Lane_A,LSP_10,1296.47,1101.8,85.4,5.5,2024-01-10
Lane_A,LSP_10,1049.57,848.65,82.8,5.3,2024-02-27
Lane_A,LSP_10,978.7,767.19,80.8,6.2,2024-07-04
Lane_A,LSP_10,1141.1,949.66,86.7,5.5,2024-06-06
Lane_A,LSP_10,1116.9,935.05,85.9,4.4,2024-05-02
Lane_A,LSP_10,1150.78,937.28,81.9,3.9,2024-01-30
Lane_A,LSP_10,1078.19,907.8,87.1,4.8,2024-05-03
Lane_A,LSP_10,1066.02,778.74,84.7,2.9,2024-10-17
Lane_A,LSP_10,1175.19,944.43,90.1,5.0,2024-02-10
Lane_A,LSP_10,1145.6,927.9,89.9,3.5,2024-02-13
Lane_A,LSP_10,1171.03,998.67,81.5,3.2,2024-09-05
Lane_A,LSP_10,1057.52,793.88,87.1,4.2,2024-02-05
Lane_A,LSP_10,1139.86,923.66,85.2,3.1,2024-09-29
Lane_A,LSP_10,1027.68,849.01,82.9,5.1,2024-03-05
Lane_A,LSP_10,944.64,749.08,88.5,4.7,2024-03-06
Lane_A,LSP_10,1034.16,757.27,89.1,5.1,2024-12-03
Lane_A,LSP_10,968.08,711.56,94.7,4.4,2024-08-31
Lane_B,LSP_01,1753.39,1254.77,92.9,2.2,2024-10-08
Lane_B,LSP_01,1530.77,1173.77,93.1,3.8,2024-03-25
Lane_B,LSP_01,1687.16,1361.14,93.3,0.9,2024-05-15
Lane_B,LSP_01,1720.42,1340.63,92.8,1.8,2024-09-27
Lane_B,LSP_01,1569.83,1139.63,96.9,3.1,2024-11-06
Lane_B,LSP_01,1598.94,1275.83,96.7,3.1,2024-08-04
Lane_B,LSP_01,1706.09,1253.03,96.4,0.5,2024-04-18
Lane_B,LSP_01,1572.31,1307.42,96.3,2.2,2024-10-03
Lane_B,LSP_01,1621.74,1333.12,91.2,2.4,2024-12-19
Lane_B,LSP_01,1549.01,1284.66,94.9,2.7,2024-04-12
Lane_B,LSP_01,1585.25,1178.75,95.1,0.6,2024-12-31
Lane_B,LSP_01,1656.16,1188.23,95.7,1.5,2024-06-08
Lane_B,LSP_01,1769.36,1256.6,92.3,2.4,2024-07-23
Lane_B,LSP_01,1291.55,1040.5,98.1,0.5,2024-12-09
Lane_B,LSP_01,1621.06,1187.01,97.7,2.7,2024-11-28
Lane_B,LSP_01,1588.05,1281.05,93.4,3.4,2024-07-10
Lane_B,LSP_01,1925.83,1572.51,93.9,0.5,2024-08-12
Lane_B,LSP_01,1317.21,1051.96,93.7,1.7,2024-09-21
Lane_B,LSP_01,1379.33,1021.51,92.2,0.5,2024-08-19
Lane_B,LSP_01,1399.89,1107.32,98.0,1.8,2024-03-02
Lane_B,LSP_02,1740.08,1447.4,90.0,7.2,2024-05-06
Lane_B,LSP_02,1990.67,1627.79,86.1,5.5,2024-04-25
Lane_B,LSP_02,1654.03,1414.27,86.3,5.5,2024-02-02
Lane_B,LSP_02,1722.28,1518.28,92.3,5.4,2024-06-22
Lane_B,LSP_02,1622.65,1395.66,89.4,5.3,2024-01-11
Lane_B,LSP_02,1641.96,1348.23,92.6,7.8,2024-10-28
Lane_B,LSP_02,1655.58,1440.88,86.8,6.5,2024-10-10
Lane_B,LSP_02,1910.04,1572.06,87.5,5.2,2024-04-27
Lane_B,LSP_02,1540.6,1305.18,85.8,5.2,2024-10-28
Lane_B,LSP_02,1746.26,1356.49,86.4,6.2,2024-04-22
Lane_B,LSP_02,1745.04,1419.1,91.6,7.2,2024-01-04
Lane_B,LSP_02,1798.97,1429.55,90.0,7.8,2024-02-06
Lane_B,LSP_02,1835.09,1573.66,86.9,6.9,2024-12-28
Lane_B,LSP_02,1810.75,1570.49,90.5,6.5,2024-11-19
Lane_B,LSP_02,1907.5,1588.05,91.5,5.4,2024-01-31
Lane_B,LSP_02,1819.58,1581.6,87.5,6.1,2024-04-27
Lane_B,LSP_02,1928.48,1482.01,85.5,6.4,2024-02-04
Lane_B,LSP_02,1807.56,1476.75,88.6,6.0,2024-01-17
Lane_B,LSP_02,1543.52,1288.35,90.2,7.5,2024-06-18
Lane_B,LSP_02,1779.54,1354.17,88.7,7.6,2024-02-06
Lane_B,LSP_03,1607.21,1280.79,92.8,3.7,2024-09-20
Lane_B,LSP_03,1682.78,1214.06,95.2,2.5,2024-05-01
Lane_B,LSP_03,1641.45,1245.2,89.9,3.0,2024-05-22
Lane_B,LSP_03,1640.67,1359.81,90.3,3.9,2024-12-08
Lane_B,LSP_03,1856.33,1491.88,91.8,1.8,2024-09-05
Lane_B,LSP_03,1560.53,1319.57,87.7,1.3,2024-04-19
Lane_B,LSP_03,1687.5,1358.54,90.5,4.6,2024-10-03
Lane_B,LSP_03,1818.08,1361.56,94.0,3.4,2024-03-08
Lane_B,LSP_03,1898.5,1453.31,88.8,4.4,2024-10-19
Lane_B,LSP_03,1590.51,1181.94,88.2,4.9,2024-10-22
Lane_B,LSP_03,1609.18,1354.49,95.4,3.8,2024-08-30
Lane_B,LSP_03,1586.99,1295.2,93.7,3.9,2024-05-04
Lane_B,LSP_03,1717.91,1253.95,96.0,4.7,2024-08-30
Lane_B,LSP_03,1695.21,1316.7,90.0,5.3,2024-07-27
Lane_B,LSP_03,1615.48,1164.72,87.7,1.9,2024-04-07
Lane_B,LSP_03,1706.21,1397.27,90.7,1.6,2024-02-18
Lane_B,LSP_03,1553.65,1231.35,84.7,4.5,2024-02-19
Lane_B,LSP_03,1457.46,1205.74,89.1,3.5,2024-12-03
Lane_B,LSP_03,1620.96,1288.61,88.5,4.0,2024-08-08
Lane_B,LSP_03,1888.74,1348.01,92.6,1.5,2024-06-30
Lane_B,LSP_04,1665.42,1230.03,83.0,3.8,2024-08-04
Lane_B,LSP_04,1592.72,1198.15,90.4,4.6,2024-07-29
Lane_B,LSP_04,1616.82,1224.02,86.7,4.3,2024-08-27
Lane_B,LSP_04,1582.72,1315.6,85.2,3.4,2024-01-28
Lane_B,LSP_04,1807.23,1504.12,86.2,3.4,2024-12-10
Lane_B,LSP_04,1865.85,1578.77,89.0,4.2,2024-11-30
Lane_B,LSP_04,2013.79,1624.01,82.9,3.6,2024-11-26
Lane_B,LSP_04,1733.18,1286.55,83.0,3.5,2024-02-20
Lane_B,LSP_04,1654.45,1436.56,86.3,3.0,2024-02-01
Lane_B,LSP_04,1623.11,1367.76,84.9,6.1,2024-07-25
Lane_B,LSP_04,1961.63,1501.51,86.3,2.9,2024-06-22
Lane_B,LSP_04,1787.14,1479.07,84.2,2.3,2024-02-25
Lane_B,LSP_04,1762.38,1473.73,86.9,2.1,2024-05-07
Lane_B,LSP_04,1567.26,1230.4,85.7,5.0,2024-04-08
Lane_B,LSP_04,1955.09,1565.98,83.6,2.4,2024-04-07
Lane_B,LSP_04,1616.58,1318.36,89.4,5.4,2024-10-01
Lane_B,LSP_04,1608.67,1339.24,86.2,4.3,2024-08-17
Lane_B,LSP_04,1658.78,1329.92,86.6,3.6,2024-03-12
Lane_B,LSP_04,1818.25,1424.49,76.5,2.8,2024-08-04
Lane_B,LSP_04,1750.38,1378.99,81.1,5.2,2024-04-03
Lane_B,LSP_05,1474.84,1206.18,98.0,0.5,2024-05-22
Lane_B,LSP_05,1504.14,1055.21,97.2,0.5,2024-08-24
Lane_B,LSP_05,1694.44,1267.28,95.5,2.1,2024-05-07
Lane_B,LSP_05,1336.2,1047.19,96.0,1.2,2024-02-08
Lane_B,LSP_05,1496.75,1199.7,100.0,1.9,2024-08-14
Lane_B,LSP_05,1739.81,1399.95,96.2,1.3,2024-10-08
Lane_B,LSP_05,1534.26,1167.45,96.9,1.4,2024-02-20
Lane_B,LSP_05,1389.76,1130.11,97.2,0.5,2024-01-26
Lane_B,LSP_05,1682.45,1263.52,98.0,0.5,2024-11-29
Lane_B,LSP_05,1985.66,1545.89,100.0,0.5,2024-10-03
Lane_B,LSP_05,1636.92,1338.75,93.8,1.8,2024-01-08
Lane_B,LSP_05,1447.39,1084.93,96.4,1.7,2024-02-17
Lane_B,LSP_05,1675.51,1364.81,98.5,1.5,2024-05-01
Lane_B,LSP_05,1845.51,1425.04,97.6,2.6,2024-03-26
Lane_B,LSP_05,1710.83,1231.77,100.0,0.5,2024-07-27
Lane_B,LSP_05,1789.67,1389.67,97.9,0.7,2024-09-05
Lane_B,LSP_05,1535.38,1235.95,98.0,1.8,2024-09-03
Lane_B,LSP_05,1760.28,1386.77,96.3,2.5,2024-04-19
Lane_B,LSP_05,1723.42,1373.25,93.3,2.2,2024-07-24
Lane_B,LSP_05,1640.31,1227.8,96.5,1.6,2024-01-31
Lane_B,LSP_06,1789.04,1450.01,78.0,6.7,2024-03-25
Lane_B,LSP_06,1568.44,1354.54,75.0,5.8,2024-07-13
Lane_B,LSP_06,1719.16,1369.4,74.0,8.2,2024-01-02
Lane_B,LSP_06,1709.98,1470.11,75.9,10.3,2024-07-18
Lane_B,LSP_06,1962.26,1645.08,77.0,7.5,2024-05-15
Lane_B,LSP_06,1812.01,1472.95,73.8,6.4,2024-08-20
Lane_B,LSP_06,1968.39,1675.26,85.3,8.7,2024-05-26
Lane_B,LSP_06,1901.32,1648.2,80.3,8.3,2024-08-04
Lane_B,LSP_06,1830.63,1414.41,77.8,7.8,2024-12-22
Lane_B,LSP_06,1897.96,1477.62,72.9,7.9,2024-10-11
Lane_B,LSP_06,1666.71,1465.1,74.7,6.1,2024-12-04
Lane_B,LSP_06,1874.53,1596.03,75.0,8.9,2024-09-06
Lane_B,LSP_06,1667.63,1317.34,77.3,7.0,2024-03-20
Lane_B,LSP_06,1897.66,1592.57,76.2,8.3,2024-04-07
Lane_B,LSP_06,1576.05,1421.5,79.3,9.4,2024-05-31
Lane_B,LSP_06,1803.73,1520.22,78.4,7.6,2024-04-21
Lane_B,LSP_06,1833.34,1615.82,79.6,7.7,2024-01-30
Lane_B,LSP_06,1875.18,1489.6,73.8,9.7,2024-10-23
Lane_B,LSP_06,1628.42,1426.19,75.9,8.8,2024-10-04
Lane_B,LSP_06,1730.93,1427.5,76.0,8.3,2024-02-01
Lane_B,LSP_07,1532.2,1227.92,96.4,5.5,2024-06-09
Lane_B,LSP_07,1547.26,1297.85,89.4,4.9,2024-01-30
Lane_B,LSP_07,1664.07,1338.22,89.6,3.5,2024-01-26
Lane_B,LSP_07,1697.66,1315.55,89.7,7.6,2024-10-26
Lane_B,LSP_07,1536.95,1198.77,94.9,6.0,2024-09-01
Lane_B,LSP_07,1823.11,1560.93,91.7,6.6,2024-09-14
Lane_B,LSP_07,1600.63,1174.22,89.4,3.9,2024-09-28
Lane_B,LSP_07,1550.81,1194.21,90.1,4.2,2024-03-21
Lane_B,LSP_07,1692.57,1423.69,85.3,5.5,2024-01-30
Lane_B,LSP_07,1975.18,1512.8,93.7,3.8,2024-09-17
Lane_B,LSP_07,1908.39,1498.04,91.3,5.1,2024-02-11
Lane_B,LSP_07,1555.37,1324.61,91.6,4.1,2024-04-05
Lane_B,LSP_07,1682.9,1237.08,85.8,6.6,2024-02-05
Lane_B,LSP_07,1611.48,1239.31,93.3,5.6,2024-10-31
Lane_B,LSP_07,1493.65,1279.1,89.1,5.1,2024-02-04
Lane_B,LSP_07,1774.51,1483.47,97.0,5.4,2024-12-11
Lane_B,LSP_07,1686.31,1246.67,89.1,5.5,2024-04-30
Lane_B,LSP_07,1744.86,1427.2,87.6,3.7,2024-07-25
Lane_B,LSP_07,1382.07,1072.13,91.5,7.2,2024-03-02
Lane_B,LSP_07,1487.78,1178.04,90.0,5.8,2024-10-18
Lane_B,LSP_08,1611.27,1219.43,92.7,3.1,2024-05-06
Lane_B,LSP_08,1688.94,1261.22,92.5,1.7,2024-10-23
Lane_B,LSP_08,1679.48,1263.37,90.3,2.6,2024-10-31
Lane_B,LSP_08,1624.57,1324.58,92.9,3.3,2024-01-21
Lane_B,LSP_08,1807.53,1318.7,94.7,0.5,2024-11-13
Lane_B,LSP_08,1608.59,1167.5,91.2,2.3,2024-02-11
Lane_B,LSP_08,1607.5,1341.17,94.6,0.7,2024-08-02
Lane_B,LSP_08,1502.02,1161.72,90.2,2.4,2024-12-02
Lane_B,LSP_08,1417.55,1117.68,94.8,1.5,2024-10-25
Lane_B,LSP_08,1661.58,1187.24,92.4,4.0,2024-10-16
Lane_B,LSP_08,1621.3,1356.52,92.0,1.9,2024-09-24
Lane_B,LSP_08,1537.36,1110.71,91.2,2.2,2024-06-10
Lane_B,LSP_08,1540.77,1192.36,93.5,1.0,2024-05-13
Lane_B,LSP_08,1735.87,1369.66,85.3,3.4,2024-04-14
Lane_B,LSP_08,1393.97,1052.6,92.3,3.7,2024-12-08
Lane_B,LSP_08,1551.5,1246.74,91.3,0.5,2024-06-09
Lane_B,LSP_08,1517.06,1179.22,94.2,1.5,2024-05-02
Lane_B,LSP_08,1594.36,1241.97,96.6,2.3,2024-05-15
Lane_B,LSP_08,1594.9,1158.34,90.2,3.7,2024-07-21
Lane_B,LSP_08,1469.56,1130.75,88.9,0.9,2024-03-08
Lane_B,LSP_09,1990.68,1747.38,79.4,8.1,2024-12-09
Lane_B,LSP_09,1601.88,1303.45,82.0,6.5,2024-11-26
Lane_B,LSP_09,2093.6,1769.02,78.2,7.3,2024-06-02
Lane_B,LSP_09,1889.92,1584.82,80.1,6.2,2024-08-22
Lane_B,LSP_09,1839.0,1515.74,78.0,6.8,2024-06-10
Lane_B,LSP_09,1783.51,1362.52,78.9,7.2,2024-02-07
Lane_B,LSP_09,1567.93,1256.4,77.1,7.7,2024-01-05
Lane_B,LSP_09,1943.67,1512.4,83.6,7.7,2024-08-22
Lane_B,LSP_09,1919.41,1612.45,77.7,5.7,2024-11-14
Lane_B,LSP_09,1694.63,1303.37,84.0,7.6,2024-10-15
Lane_B,LSP_09,1838.38,1393.34,86.5,8.5,2024-02-21
Lane_B,LSP_09,2039.89,1749.16,81.6,8.1,2024-02-07
Lane_B,LSP_09,1715.26,1514.33,77.5,6.4,2024-10-02
Lane_B,LSP_09,1577.81,1282.63,86.2,5.9,2024-04-19
Lane_B,LSP_09,1736.81,1523.28,79.2,5.7,2024-09-16
Lane_B,LSP_09,1906.95,1653.42,79.5,7.3,2024-05-15
Lane_B,LSP_09,1732.7,1508.7,84.8,7.9,2024-03-08
Lane_B,LSP_09,1880.17,1587.84,80.5,5.7,2024-06-27
Lane_B,LSP_09,1829.95,1587.13,78.0,7.0,2024-02-05
Lane_B,LSP_09,1546.21,1346.04,80.9,8.7,2024-05-05
Lane_B,LSP_10,1716.11,1319.03,94.8,6.3,2024-07-08
Lane_B,LSP_10,1773.53,1502.55,90.9,5.2,2024-05-25
Lane_B,LSP_10,1659.23,1210.03,83.3,5.3,2024-03-21
Lane_B,LSP_10,1540.99,1330.47,86.4,3.6,2024-08-12
Lane_B,LSP_10,1592.92,1280.34,88.8,5.2,2024-10-05
Lane_B,LSP_10,1896.98,1429.68,90.6,3.9,2024-12-26
Lane_B,LSP_10,1659.9,1380.83,87.0,3.1,2024-06-03
Lane_B,LSP_10,1514.05,1133.0,89.2,4.1,2024-11-09
Lane_B,LSP_10,1939.04,1646.18,85.8,2.8,2024-11-30
Lane_B,LSP_10,1898.58,1489.1,82.4,5.8,2024-09-27
Lane_B,LSP_10,1597.22,1302.82,94.7,4.6,2024-01-05
Lane_B,LSP_10,1576.81,1268.77,93.2,5.7,2024-12-07
Lane_B,LSP_10,1833.61,1402.4,88.8,4.5,2024-10-10
Lane_B,LSP_10,1876.86,1386.1,86.5,4.0,2024-06-02
Lane_B,LSP_10,1784.46,1491.18,89.9,1.7,2024-12-05
Lane_B,LSP_10,1800.14,1346.73,84.8,2.6,2024-02-23
Lane_B,LSP_10,1667.6,1350.18,86.6,4.7,2024-03-09
Lane_B,LSP_10,1766.51,1387.6,90.7,5.1,2024-05-15
Lane_B,LSP_10,1646.03,1387.0,84.1,5.7,2024-02-29
Lane_B,LSP_10,1389.4,1122.95,85.5,3.4,2024-02-24
Lane_C,LSP_01,854.47,633.08,89.7,3.0,2024-10-10
Lane_C,LSP_01,827.6,672.31,96.5,1.5,2024-03-20
Lane_C,LSP_01,749.61,539.09,86.4,2.2,2024-05-19
Lane_C,LSP_01,812.92,623.44,100.0,1.5,2024-05-24
Lane_C,LSP_01,795.02,621.61,96.4,2.4,2024-11-05
Lane_C,LSP_01,797.32,628.31,94.7,1.8,2024-04-17
Lane_C,LSP_01,772.96,634.46,92.5,1.2,2024-06-24
Lane_C,LSP_01,769.37,616.65,99.5,1.7,2024-04-14
Lane_C,LSP_01,841.49,594.11,92.8,2.1,2024-12-17
Lane_C,LSP_01,752.72,568.81,97.2,1.7,2024-11-20
Lane_C,LSP_01,848.56,699.92,96.5,1.9,2024-05-15
Lane_C,LSP_01,794.88,584.89,97.4,0.7,2024-09-15
Lane_C,LSP_01,866.68,660.96,90.9,2.1,2024-09-07
Lane_C,LSP_01,871.03,651.16,92.8,1.2,2024-05-08
Lane_C,LSP_01,859.25,662.01,98.4,1.7,2024-01-27
Lane_C,LSP_01,855.39,679.79,92.5,2.1,2024-02-17
Lane_C,LSP_01,757.43,547.93,86.2,1.6,2024-11-20
Lane_C,LSP_01,1004.0,758.79,96.9,4.1,2024-08-04
Lane_C,LSP_01,844.86,682.38,92.8,1.4,2024-05-21
Lane_C,LSP_01,838.49,675.01,93.1,1.2,2024-01-23
Lane_C,LSP_02,893.38,761.03,85.1,4.6,2024-01-02
Lane_C,LSP_02,939.6,816.31,87.1,4.4,2024-06-19
Lane_C,LSP_02,1002.65,823.53,87.8,5.0,2024-03-07
Lane_C,LSP_02,931.57,780.53,86.7,7.1,2024-11-22
Lane_C,LSP_02,941.06,739.83,83.7,6.4,2024-05-14
Lane_C,LSP_02,1041.47,869.38,86.7,7.3,2024-03-23
Lane_C,LSP_02,937.43,720.03,90.6,7.0,2024-08-14
Lane_C,LSP_02,984.51,778.06,87.0,5.6,2024-10-09
Lane_C,LSP_02,855.59,690.97,89.3,5.3,2024-12-27
Lane_C,LSP_02,948.29,824.47,88.1,7.4,2024-08-06
Lane_C,LSP_02,925.63,817.93,89.4,7.1,2024-10-14
Lane_C,LSP_02,1046.59,805.05,87.4,7.0,2024-01-05
Lane_C,LSP_02,1026.99,869.47,95.8,5.2,2024-02-27
Lane_C,LSP_02,979.72,848.47,88.5,7.3,2024-02-08
Lane_C,LSP_02,851.48,691.32,91.4,5.8,2024-12-19
Lane_C,LSP_02,1036.48,825.08,91.9,6.0,2024-03-17
Lane_C,LSP_02,852.06,720.49,86.5,5.4,2024-10-06
Lane_C,LSP_02,899.14,714.52,92.8,5.7,2024-01-19
Lane_C,LSP_02,1029.37,818.65,92.6,5.9,2024-07-08
Lane_C,LSP_02,1030.01,909.45,85.3,6.3,2024-10-25
Lane_C,LSP_03,770.48,619.52,95.6,3.1,2024-10-09
Lane_C,LSP_03,906.74,747.34,94.6,2.2,2024-03-16
Lane_C,LSP_03,874.91,658.97,97.8,4.5,2024-08-08
Lane_C,LSP_03,759.46,636.23,93.1,4.0,2024-03-06
Lane_C,LSP_03,915.58,684.09,95.3,3.8,2024-01-22
Lane_C,LSP_03,916.83,721.78,91.6,2.5,2024-06-06
Lane_C,LSP_03,953.37,748.79,91.6,3.8,2024-07-05
Lane_C,LSP_03,859.72,625.18,90.4,3.4,2024-01-21
Lane_C,LSP_03,891.36,668.35,92.6,3.1,2024-07-02
Lane_C,LSP_03,924.85,771.37,94.2,4.1,2024-04-17
Lane_C,LSP_03,789.96,650.29,95.3,4.2,2024-12-15
Lane_C,LSP_03,833.88,606.6,93.1,5.3,2024-05-07
Lane_C,LSP_03,846.92,604.75,91.0,1.6,2024-12-07
Lane_C,LSP_03,841.1,666.42,88.8,2.4,2024-02-22
Lane_C,LSP_03,940.82,782.38,97.1,4.2,2024-06-30
Lane_C,LSP_03,812.85,582.84,92.2,4.7,2024-10-13
Lane_C,LSP_03,790.61,573.14,92.7,3.8,2024-07-27
Lane_C,LSP_03,916.15,754.15,92.6,4.5,2024-11-13
Lane_C,LSP_03,648.54,489.48,94.0,5.0,2024-03-20
Lane_C,LSP_03,836.64,663.29,91.6,4.5,2024-05-01
Lane_C,LSP_04,1036.98,845.59,88.9,3.0,2024-03-24
Lane_C,LSP_04,970.63,780.89,84.3,3.2,2024-03-31
Lane_C,LSP_04,1081.68,935.45,84.5,5.5,2024-07-30
Lane_C,LSP_04,956.89,769.03,83.1,4.2,2024-01-13
Lane_C,LSP_04,848.6,678.06,81.0,3.8,2024-04-01
Lane_C,LSP_04,742.57,565.09,80.5,4.8,2024-06-19
Lane_C,LSP_04,914.6,672.01,80.6,5.1,2024-07-29
Lane_C,LSP_04,861.8,700.41,79.4,4.1,2024-12-08
Lane_C,LSP_04,895.19,667.8,87.0,3.1,2024-05-07
Lane_C,LSP_04,929.49,726.41,88.2,4.0,2024-05-16
Lane_C,LSP_04,1060.1,922.96,84.8,3.6,2024-03-22
Lane_C,LSP_04,855.77,674.61,79.6,2.4,2024-12-25
Lane_C,LSP_04,929.37,759.91,86.5,4.9,2024-02-25
Lane_C,LSP_04,864.61,748.27,83.6,4.1,2024-07-14
Lane_C,LSP_04,1036.98,777.48,87.7,3.2,2024-01-20
Lane_C,LSP_04,731.27,573.89,84.4,3.0,2024-08-28
Lane_C,LSP_04,897.5,668.67,85.2,4.5,2024-04-23
Lane_C,LSP_04,894.54,738.9,81.7,5.4,2024-04-12
Lane_C,LSP_04,900.11,739.48,85.1,4.2,2024-08-23
Lane_C,LSP_04,968.72,827.52,83.2,4.4,2024-06-28
Lane_C,LSP_05,732.5,508.0,97.3,0.5,2024-06-05
Lane_C,LSP_05,772.35,583.17,95.4,1.6,2024-04-26
Lane_C,LSP_05,836.79,616.32,93.9,2.4,2024-04-24
Lane_C,LSP_05,926.99,743.18,95.1,3.3,2024-01-13
Lane_C,LSP_05,728.51,533.08,99.8,1.2,2024-12-03
Lane_C,LSP_05,938.67,746.8,97.9,1.8,2024-04-08
Lane_C,LSP_05,813.26,596.42,99.4,0.5,2024-07-23
Lane_C,LSP_05,917.7,706.62,100.0,2.6,2024-06-17
Lane_C,LSP_05,736.72,550.97,95.8,0.5,2024-05-22
Lane_C,LSP_05,789.59,549.0,100.0,2.9,2024-02-05
Lane_C,LSP_05,779.03,580.49,96.4,2.6,2024-05-22
Lane_C,LSP_05,729.33,562.02,93.3,0.9,2024-06-28
Lane_C,LSP_05,821.89,642.14,97.8,1.5,2024-11-24
Lane_C,LSP_05,732.27,509.34,98.6,1.5,2024-09-17
Lane_C,LSP_05,789.09,549.22,96.7,0.5,2024-07-23
Lane_C,LSP_05,795.06,552.59,96.2,3.1,2024-12-13
Lane_C,LSP_05,868.87,614.35,96.1,1.4,2024-10-01
Lane_C,LSP_05,842.32,679.98,100.0,1.9,2024-06-18
Lane_C,LSP_05,815.42,605.05,98.3,2.0,2024-01-15
Lane_C,LSP_05,660.88,480.0,100.0,3.7,2024-02-29
Lane_C,LSP_06,1019.04,842.84,79.5,6.9,2024-05-13
Lane_C,LSP_06,898.13,711.21,77.5,7.5,2024-04-01
Lane_C,LSP_06,809.66,685.9,80.2,7.8,2024-10-24
Lane_C,LSP_06,879.35,750.71,70.4,7.7,2024-05-15
Lane_C,LSP_06,1056.08,900.74,83.9,7.6,2024-01-20
Lane_C,LSP_06,865.93,666.47,85.9,6.5,2024-02-25
Lane_C,LSP_06,988.3,830.57,79.4,7.6,2024-11-01
Lane_C,LSP_06,990.41,869.35,79.9,7.6,2024-08-10
Lane_C,LSP_06,998.17,831.72,77.9,8.3,2024-06-25
Lane_C,LSP_06,1051.67,860.02,75.3,7.3,2024-06-09
Lane_C,LSP_06,920.35,770.55,82.1,10.7,2024-08-11
Lane_C,LSP_06,946.42,840.42,77.8,8.3,2024-11-06
Lane_C,LSP_06,1009.69,854.36,79.9,9.2,2024-09-18
Lane_C,LSP_06,951.64,848.8,79.8,5.1,2024-02-29
Lane_C,LSP_06,1020.47,782.44,78.6,10.0,2024-07-16
Lane_C,LSP_06,948.69,823.01,75.7,8.4,2024-10-22
Lane_C,LSP_06,890.27,782.75,73.9,7.1,2024-04-07
Lane_C,LSP_06,913.28,823.01,80.9,8.5,2024-05-10
Lane_C,LSP_06,1026.01,892.7,79.5,8.4,2024-01-23
Lane_C,LSP_06,920.49,804.65,81.6,8.7,2024-12-28
Lane_C,LSP_07,912.12,669.49,93.2,4.2,2024-08-11
Lane_C,LSP_07,882.08,685.53,88.0,4.9,2024-01-01
Lane_C,LSP_07,820.61,682.26,89.1,5.0,2024-09-23
Lane_C,LSP_07,932.69,711.23,90.0,4.2,2024-10-02
Lane_C,LSP_07,936.74,682.7,92.8,4.8,2024-12-17
Lane_C,LSP_07,827.23,630.33,87.7,4.1,2024-12-09
Lane_C,LSP_07,950.36,727.52,89.4,3.5,2024-04-10
Lane_C,LSP_07,873.4,706.32,90.2,5.3,2024-07-05
Lane_C,LSP_07,992.85,733.36,86.1,5.0,2024-08-08
Lane_C,LSP_07,964.3,754.88,95.4,6.2,2024-02-05
Lane_C,LSP_07,900.77,679.86,88.5,5.8,2024-12-06
Lane_C,LSP_07,928.76,771.64,93.2,7.8,2024-06-18
Lane_C,LSP_07,915.39,694.55,88.5,3.2,2024-11-15
Lane_C,LSP_07,881.75,652.6,88.4,5.2,2024-06-09
Lane_C,LSP_07,818.21,590.76,93.4,4.4,2024-12-05
Lane_C,LSP_07,885.23,672.23,89.0,5.2,2024-03-04
Lane_C,LSP_07,950.01,726.58,87.4,4.7,2024-06-02
Lane_C,LSP_07,821.8,623.42,88.6,5.9,2024-09-16
Lane_C,LSP_07,905.0,706.56,90.6,4.8,2024-06-07
Lane_C,LSP_07,944.48,805.18,90.8,4.4,2024-12-07
Lane_C,LSP_08,657.69,519.71,92.6,3.0,2024-07-28
Lane_C,LSP_08,787.49,625.79,93.3,2.7,2024-06-16
Lane_C,LSP_08,803.39,650.71,92.1,2.1,2024-07-25
Lane_C,LSP_08,863.98,651.52,93.0,3.1,2024-12-22
Lane_C,LSP_08,737.29,541.22,86.1,1.1,2024-05-31
Lane_C,LSP_08,739.48,527.5,91.6,4.0,2024-10-10
Lane_C,LSP_08,878.94,645.56,93.9,2.1,2024-03-06
Lane_C,LSP_08,1021.1,840.35,95.0,1.4,2024-04-08
Lane_C,LSP_08,728.5,527.79,95.5,3.8,2024-08-03
Lane_C,LSP_08,917.6,686.56,89.4,4.1,2024-12-06
Lane_C,LSP_08,780.75,643.58,94.9,1.6,2024-07-13
Lane_C,LSP_08,739.8,528.28,93.1,1.5,2024-12-12
Lane_C,LSP_08,912.07,646.06,91.5,1.0,2024-03-30
Lane_C,LSP_08,762.09,540.29,92.3,1.5,2024-11-11
Lane_C,LSP_08,647.81,503.17,92.4,2.4,2024-10-18
Lane_C,LSP_08,854.0,655.76,93.1,3.0,2024-06-03
Lane_C,LSP_08,758.33,613.43,96.3,2.6,2024-07-26
Lane_C,LSP_08,976.61,816.12,95.0,3.1,2024-10-07
Lane_C,LSP_08,824.48,584.33,91.3,3.5,2024-01-01
Lane_C,LSP_08,793.42,614.9,89.3,1.0,2024-06-04
Lane_C,LSP_09,957.18,834.12,80.2,7.7,2024-05-26
Lane_C,LSP_09,998.16,815.07,75.2,6.2,2024-04-17
Lane_C,LSP_09,935.74,802.29,75.1,6.3,2024-08-08
Lane_C,LSP_09,940.71,834.45,80.1,7.2,2024-10-23
Lane_C,LSP_09,843.19,657.36,78.2,7.3,2024-11-06
Lane_C,LSP_09,864.47,745.31,76.7,7.2,2024-12-01
Lane_C,LSP_09,983.86,793.71,83.4,5.8,2024-06-13
Lane_C,LSP_09,1011.88,810.19,79.3,7.5,2024-08-26
Lane_C,LSP_09,1022.99,871.37,79.8,5.9,2024-08-14
Lane_C,LSP_09,931.53,826.33,75.2,7.2,2024-08-14
Lane_C,LSP_09,1105.89,843.52,80.0,7.8,2024-12-11
Lane_C,LSP_09,894.59,730.71,73.4,8.5,2024-04-19
Lane_C,LSP_09,830.08,630.07,79.2,7.4,2024-09-18
Lane_C,LSP_09,973.69,765.43,75.2,7.5,2024-08-30
Lane_C,LSP_09,1105.94,843.07,75.9,7.2,2024-03-27
Lane_C,LSP_09,947.31,737.77,81.3,7.0,2024-12-03
Lane_C,LSP_09,892.68,731.32,81.5,6.0,2024-02-13
Lane_C,LSP_09,1010.47,851.14,77.1,7.5,2024-05-25
Lane_C,LSP_09,1062.73,873.93,81.1,7.6,2024-09-20
Lane_C,LSP_09,927.4,727.31,76.2,7.6,2024-12-05
Lane_C,LSP_10,966.59,799.84,85.6,4.3,2024-11-20
Lane_C,LSP_10,826.17,604.74,93.3,4.3,2024-11-13
Lane_C,LSP_10,867.33,678.52,85.1,3.2,2024-06-20
Lane_C,LSP_10,767.74,637.96,81.4,5.5,2024-02-17
Lane_C,LSP_10,841.23,677.19,89.4,5.9,2024-04-30
Lane_C,LSP_10,796.41,605.92,87.0,3.5,2024-12-10
Lane_C,LSP_10,863.44,740.6,89.1,3.0,2024-06-07
Lane_C,LSP_10,1054.67,851.31,91.9,4.6,2024-04-25
Lane_C,LSP_10,824.1,700.52,83.0,5.9,2024-04-11
Lane_C,LSP_10,863.57,684.83,82.6,4.5,2024-03-16
Lane_C,LSP_10,795.81,615.37,88.1,4.1,2024-01-13
Lane_C,LSP_10,931.51,687.19,79.2,4.7,2024-01-24
Lane_C,LSP_10,930.94,719.94,88.2,5.5,2024-05-05
Lane_C,LSP_10,955.25,780.78,81.7,4.8,2024-08-31
Lane_C,LSP_10,855.67,637.86,86.8,5.2,2024-11-08
Lane_C,LSP_10,691.33,508.44,83.7,3.4,2024-02-07
Lane_C,LSP_10,950.35,788.1,83.6,4.2,2024-08-21
Lane_C,LSP_10,986.69,759.11,90.6,3.5,2024-07-31
Lane_C,LSP_10,858.85,668.73,88.4,6.0,2024-11-18
Lane_C,LSP_10,758.39,620.54,87.3,3.7,2024-10-21
Lane_D,LSP_01,1941.91,1561.86,96.6,2.6,2024-04-09
Lane_D,LSP_01,2129.06,1505.63,97.0,0.5,2024-12-22
Lane_D,LSP_01,2318.39,1858.07,92.0,2.0,2024-07-15
Lane_D,LSP_01,1916.76,1473.12,96.8,1.8,2024-09-10
Lane_D,LSP_01,2214.9,1762.11,97.7,2.8,2024-07-23
Lane_D,LSP_01,2093.16,1659.82,97.0,2.4,2024-05-04
Lane_D,LSP_01,2275.79,1655.14,93.1,0.7,2024-03-16
Lane_D,LSP_01,1863.56,1547.36,96.3,2.8,2024-12-01
Lane_D,LSP_01,2199.55,1817.25,100.0,0.5,2024-12-18
Lane_D,LSP_01,2093.02,1513.36,97.1,2.8,2024-01-03
Lane_D,LSP_01,2049.21,1663.89,94.8,1.9,2024-02-24
Lane_D,LSP_01,2198.96,1610.76,97.7,2.6,2024-08-05
Lane_D,LSP_01,2208.13,1564.23,95.1,3.8,2024-04-22
Lane_D,LSP_01,2115.99,1724.7,96.5,1.5,2024-03-31
Lane_D,LSP_01,1677.33,1205.88,98.3,0.9,2024-12-22
Lane_D,LSP_01,1905.58,1555.4,98.2,2.6,2024-09-22
Lane_D,LSP_01,2244.71,1743.72,90.9,2.1,2024-08-25
Lane_D,LSP_01,1980.05,1464.12,91.9,0.6,2024-01-26
Lane_D,LSP_01,1803.53,1439.19,98.3,1.3,2024-10-12
Lane_D,LSP_01,2077.69,1671.92,93.4,0.5,2024-05-07
Lane_D,LSP_02,2106.7,1588.27,91.7,6.5,2024-03-03
Lane_D,LSP_02,2299.3,1921.67,91.4,7.4,2024-08-21
Lane_D,LSP_02,2258.05,1921.68,84.0,5.7,2024-03-09
Lane_D,LSP_02,2224.39,1745.37,89.0,6.0,2024-08-25
Lane_D,LSP_02,2336.56,1801.69,85.7,7.5,2024-12-07
Lane_D,LSP_02,2207.33,1864.2,82.5,5.1,2024-09-28
Lane_D,LSP_02,2030.69,1573.22,86.0,4.3,2024-10-13
Lane_D,LSP_02,2304.39,1811.73,88.6,6.1,2024-10-31
Lane_D,LSP_02,2185.65,1653.6,88.5,5.9,2024-06-11
Lane_D,LSP_02,2367.14,1796.37,93.0,7.3,2024-08-14
Lane_D,LSP_02,2070.08,1548.66,90.5,7.2,2024-11-09
Lane_D,LSP_02,2532.74,2105.53,84.6,5.1,2024-09-15
Lane_D,LSP_02,2533.53,2225.52,88.8,5.8,2024-08-06
Lane_D,LSP_02,2385.36,1975.53,91.1,7.2,2024-10-07
Lane_D,LSP_02,2284.12,1890.19,87.9,5.7,2024-08-16
Lane_D,LSP_02,2005.29,1764.54,91.4,5.7,2024-03-22
Lane_D,LSP_02,2442.92,2156.27,84.9,5.1,2024-08-31
Lane_D,LSP_02,2301.81,1958.11,87.6,6.8,2024-08-18
Lane_D,LSP_02,2242.65,1899.95,83.2,6.0,2024-05-12
Lane_D,LSP_02,2312.65,1923.62,84.1,6.7,2024-05-06
Lane_D,LSP_03,2061.41,1523.41,92.8,3.9,2024-11-22
Lane_D,LSP_03,2275.59,1625.31,89.6,2.8,2024-05-21
Lane_D,LSP_03,1978.76,1426.2,89.5,5.2,2024-09-23
Lane_D,LSP_03,2101.84,1667.69,90.3,3.7,2024-09-05
Lane_D,LSP_03,2261.94,1893.21,93.4,2.1,2024-11-16
Lane_D,LSP_03,2203.35,1751.2,94.6,4.4,2024-05-02
Lane_D,LSP_03,2009.34,1531.06,92.1,3.7,2024-05-20
Lane_D,LSP_03,2315.29,1815.9,89.6,2.1,2024-08-13
Lane_D,LSP_03,2222.76,1817.28,94.2,5.6,2024-02-09
Lane_D,LSP_03,2011.88,1500.01,90.2,5.2,2024-12-31
Lane_D,LSP_03,2560.5,2144.33,89.7,3.0,2024-05-26
Lane_D,LSP_03,1807.3,1292.81,92.1,1.6,2024-04-30
Lane_D,LSP_03,2159.23,1805.63,89.9,3.8,2024-05-19
Lane_D,LSP_03,2086.77,1600.81,88.2,4.3,2024-06-20
Lane_D,LSP_03,2106.21,1520.29,91.2,4.0,2024-06-12
Lane_D,LSP_03,1954.23,1622.35,93.7,4.5,2024-10-03
Lane_D,LSP_03,2095.74,1579.73,90.2,3.6,2024-02-11
Lane_D,LSP_03,1830.05,1434.64,87.9,2.2,2024-03-11
Lane_D,LSP_03,2258.37,1701.72,93.6,2.4,2024-03-18
Lane_D,LSP_03,1889.33,1473.56,91.3,2.6,2024-04-28
Lane_D,LSP_04,2305.04,1753.4,94.0,4.4,2024-07-15
Lane_D,LSP_04,2439.4,2071.82,86.3,4.6,2024-12-21
Lane_D,LSP_04,2681.31,2027.26,81.6,3.0,2024-03-19
Lane_D,LSP_04,2376.96,1971.7,83.7,3.7,2024-12-27
Lane_D,LSP_04,2465.16,1984.13,87.8,3.7,2024-04-19
Lane_D,LSP_04,2354.99,1843.39,84.3,3.7,2024-02-02
Lane_D,LSP_04,2755.34,2115.46,86.3,3.9,2024-07-31
Lane_D,LSP_04,2151.41,1648.48,88.1,6.1,2024-07-27
Lane_D,LSP_04,1952.8,1578.73,79.4,5.1,2024-06-18
Lane_D,LSP_04,2481.04,1879.71,77.1,4.0,2024-10-04
Lane_D,LSP_04,2335.56,1885.47,87.8,4.3,2024-08-26
Lane_D,LSP_04,2086.62,1565.24,82.3,3.6,2024-07-31
Lane_D,LSP_04,2070.84,1631.67,87.0,3.9,2024-02-01
Lane_D,LSP_04,2305.35,1853.24,84.1,3.9,2024-04-15
Lane_D,LSP_04,2794.16,2292.57,81.7,2.9,2024-08-03
Lane_D,LSP_04,2437.65,1792.58,85.8,5.8,2024-07-18
Lane_D,LSP_04,2344.42,1992.91,86.2,1.9,2024-10-26
Lane_D,LSP_04,2232.63,1881.97,81.0,3.8,2024-12-22
Lane_D,LSP_04,2109.99,1661.35,84.8,3.7,2024-01-11
Lane_D,LSP_04,2458.14,1987.55,83.2,4.2,2024-10-21
Lane_D,LSP_05,2300.02,1720.97,95.5,0.5,2024-07-13
Lane_D,LSP_05,1922.26,1417.63,95.1,1.3,2024-09-01
Lane_D,LSP_05,1939.05,1523.66,90.4,2.8,2024-01-04
Lane_D,LSP_05,2253.6,1561.94,99.0,0.5,2024-06-29
Lane_D,LSP_05,2019.7,1608.46,97.0,1.8,2024-06-01
Lane_D,LSP_05,2362.6,1655.29,98.4,3.0,2024-07-18
Lane_D,LSP_05,2200.9,1752.33,99.4,0.5,2024-08-02
Lane_D,LSP_05,2071.46,1613.84,100.0,2.2,2024-10-02
Lane_D,LSP_05,1971.39,1591.96,95.6,1.9,2024-10-06
Lane_D,LSP_05,2103.6,1662.78,100.0,2.6,2024-11-04
Lane_D,LSP_05,2098.13,1624.06,99.8,1.4,2024-04-22
Lane_D,LSP_05,1816.58,1425.93,94.5,0.8,2024-09-06
Lane_D,LSP_05,1842.07,1326.08,94.6,2.4,2024-04-22
Lane_D,LSP_05,2028.65,1537.29,94.3,3.0,2024-05-19
Lane_D,LSP_05,2162.16,1719.59,100.0,2.4,2024-08-11
Lane_D,LSP_05,1840.29,1336.53,97.5,2.1,2024-09-05
Lane_D,LSP_05,1824.88,1308.02,94.3,0.5,2024-01-15
Lane_D,LSP_05,2200.24,1692.51,99.5,0.5,2024-07-18
Lane_D,LSP_05,2170.46,1716.23,98.9,0.6,2024-06-21
Lane_D,LSP_05,2346.95,1755.74,98.0,0.5,2024-12-08
Lane_D,LSP_06,2439.07,1976.31,77.2,8.7,2024-12-13
Lane_D,LSP_06,2361.55,2141.21,79.0,8.3,2024-07-26
Lane_D,LSP_06,2513.85,1944.8,73.4,9.2,2024-03-25
Lane_D,LSP_06,2257.75,1985.81,74.9,7.8,2024-08-27
Lane_D,LSP_06,2412.14,2113.69,77.6,6.2,2024-03-06
Lane_D,LSP_06,2548.11,2185.6,79.9,9.3,2024-11-14
Lane_D,LSP_06,2497.36,2109.54,81.3,9.0,2024-09-30
Lane_D,LSP_06,2486.11,2108.42,78.4,8.0,2024-01-14
Lane_D,LSP_06,2349.72,2033.29,82.7,6.6,2024-07-20
Lane_D,LSP_06,2309.36,1961.8,79.1,5.9,2024-10-30
Lane_D,LSP_06,2545.1,2160.71,80.7,7.9,2024-10-15
Lane_D,LSP_06,2289.38,1970.39,74.8,9.5,2024-12-05
Lane_D,LSP_06,2812.52,2429.63,78.0,6.7,2024-01-14
Lane_D,LSP_06,2593.53,2039.49,81.7,9.7,2024-02-12
Lane_D,LSP_06,2532.58,2100.02,75.4,9.0,2024-11-25
Lane_D,LSP_06,2514.74,1982.4,82.7,8.9,2024-08-07
Lane_D,LSP_06,2502.97,2256.81,79.4,7.0,2024-03-10
Lane_D,LSP_06,3032.39,2491.32,78.7,6.8,2024-08-24
Lane_D,LSP_06,2497.26,2116.54,77.4,6.3,2024-04-03
Lane_D,LSP_06,2642.58,2038.61,77.8,7.5,2024-01-26
Lane_D,LSP_07,2249.0,1892.0,87.7,5.3,2024-05-13
Lane_D,LSP_07,2369.84,1778.79,91.9,4.2,2024-07-13
Lane_D,LSP_07,2389.07,2047.44,88.1,5.3,2024-06-16
Lane_D,LSP_07,2224.96,1746.48,88.5,4.8,2024-04-18
Lane_D,LSP_07,2168.83,1586.75,87.8,4.3,2024-08-20
Lane_D,LSP_07,2069.03,1625.23,88.5,4.7,2024-06-16
Lane_D,LSP_07,2158.76,1843.0,89.3,3.3,2024-06-21
Lane_D,LSP_07,2117.44,1757.62,86.4,4.0,2024-07-13
Lane_D,LSP_07,2112.56,1598.61,88.9,6.4,2024-05-22
Lane_D,LSP_07,1982.29,1448.0,91.8,4.4,2024-08-03
Lane_D,LSP_07,2127.4,1785.0,87.2,3.1,2024-05-09
Lane_D,LSP_07,2179.98,1740.22,88.9,5.3,2024-02-11
Lane_D,LSP_07,2246.77,1665.99,98.1,3.6,2024-08-28
Lane_D,LSP_07,2366.27,1864.72,89.8,4.2,2024-01-10
Lane_D,LSP_07,2393.08,1746.26,88.4,3.8,2024-10-03
Lane_D,LSP_07,1745.61,1431.66,95.5,5.8,2024-01-27
Lane_D,LSP_07,2306.41,1763.23,91.1,6.2,2024-06-28
Lane_D,LSP_07,2237.36,1915.07,89.2,5.8,2024-04-24
Lane_D,LSP_07,2200.22,1809.46,85.8,1.7,2024-11-28
Lane_D,LSP_07,1916.22,1600.95,92.9,4.6,2024-02-05
Lane_D,LSP_08,1791.23,1373.03,90.2,2.0,2024-11-29
Lane_D,LSP_08,2200.99,1612.04,98.7,4.1,2024-01-21
Lane_D,LSP_08,2575.76,1897.92,92.5,0.5,2024-01-16
Lane_D,LSP_08,2304.76,1830.07,93.7,1.4,2024-05-06
Lane_D,LSP_08,2014.23,1481.2,90.5,2.9,2024-04-12
Lane_D,LSP_08,2045.92,1522.66,89.7,2.7,2024-01-11
Lane_D,LSP_08,2375.59,1793.72,91.5,2.6,2024-11-14
Lane_D,LSP_08,1963.02,1606.41,91.4,3.0,2024-03-19
Lane_D,LSP_08,1911.54,1405.56,95.0,2.1,2024-05-02
Lane_D,LSP_08,2239.78,1660.28,94.6,3.7,2024-03-05
Lane_D,LSP_08,2004.54,1537.69,94.4,1.8,2024-08-30
Lane_D,LSP_08,2079.66,1602.98,90.2,1.8,2024-12-08
Lane_D,LSP_08,2190.44,1683.12,92.4,4.1,2024-02-28
Lane_D,LSP_08,2090.85,1519.76,84.8,2.0,2024-10-15
Lane_D,LSP_08,2026.75,1653.85,97.2,1.9,2024-04-21
Lane_D,LSP_08,1910.0,1478.39,95.3,2.7,2024-08-26
Lane_D,LSP_08,2233.65,1592.72,100.0,2.6,2024-12-24
Lane_D,LSP_08,2029.57,1551.48,92.1,2.8,2024-05-11
Lane_D,LSP_08,2122.9,1566.39,91.7,2.7,2024-07-07
Lane_D,LSP_08,1953.3,1452.52,91.8,1.4,2024-03-26
Lane_D,LSP_09,2270.0,1947.34,83.8,7.3,2024-11-06
Lane_D,LSP_09,2270.75,1783.47,82.1,8.8,2024-11-06
Lane_D,LSP_09,2324.89,1770.0,82.0,8.5,2024-02-28
Lane_D,LSP_09,2387.57,1874.37,79.4,6.9,2024-03-24
Lane_D,LSP_09,2378.35,2101.47,80.8,7.7,2024-06-08
Lane_D,LSP_09,2067.56,1752.6,82.6,6.5,2024-02-25
Lane_D,LSP_09,2182.15,1727.63,82.9,8.0,2024-10-23
Lane_D,LSP_09,2567.68,2156.33,78.2,6.8,2024-01-14
Lane_D,LSP_09,2032.1,1626.53,78.8,6.5,2024-06-08
Lane_D,LSP_09,2129.06,1879.83,81.0,5.9,2024-10-21
Lane_D,LSP_09,2377.04,1870.21,71.0,9.1,2024-12-12
Lane_D,LSP_09,2285.55,1960.81,81.4,8.5,2024-07-11
Lane_D,LSP_09,2170.22,1755.14,85.2,6.7,2024-07-22
Lane_D,LSP_09,2478.79,2105.58,77.5,6.4,2024-04-11
Lane_D,LSP_09,2254.2,1831.82,76.8,7.2,2024-02-08
Lane_D,LSP_09,2702.53,2142.03,74.3,6.9,2024-10-30
Lane_D,LSP_09,2086.34,1617.29,86.0,7.1,2024-12-19
Lane_D,LSP_09,2158.27,1897.64,83.8,6.2,2024-11-17
Lane_D,LSP_09,2468.7,2142.23,80.6,8.9,2024-05-04
Lane_D,LSP_09,2521.98,2215.99,75.0,6.0,2024-02-22
Lane_D,LSP_10,2215.46,1787.3,87.3,3.5,2024-12-22
Lane_D,LSP_10,2220.58,1913.8,91.5,5.1,2024-06-03
Lane_D,LSP_10,2254.41,1805.01,86.4,2.8,2024-12-16
Lane_D,LSP_10,2356.45,2017.31,81.3,3.6,2024-11-03
Lane_D,LSP_10,2157.28,1637.2,92.7,3.1,2024-03-02
Lane_D,LSP_10,2370.64,1912.74,90.2,4.0,2024-10-16
Lane_D,LSP_10,2221.27,1723.46,91.0,5.7,2024-01-22
Lane_D,LSP_10,2136.28,1650.91,82.4,1.7,2024-06-26
Lane_D,LSP_10,2149.77,1676.83,88.7,5.0,2024-09-29
Lane_D,LSP_10,2332.33,1820.38,81.4,4.1,2024-08-07
Lane_D,LSP_10,2278.08,1823.74,88.3,4.5,2024-12-04
Lane_D,LSP_10,2137.23,1674.86,88.4,3.5,2024-07-08
Lane_D,LSP_10,2251.8,1859.0,88.3,4.4,2024-02-05
Lane_D,LSP_10,2098.69,1561.18,88.8,4.7,2024-09-16
Lane_D,LSP_10,2122.69,1648.08,87.7,2.3,2024-11-27
Lane_D,LSP_10,2468.77,2078.19,88.3,5.7,2024-06-23
Lane_D,LSP_10,1965.67,1459.41,84.9,3.4,2024-01-07
Lane_D,LSP_10,1882.61,1544.21,85.3,4.7,2024-08-03
Lane_D,LSP_10,1999.57,1498.49,85.8,3.3,2024-09-07
Lane_D,LSP_10,2181.55,1850.02,82.5,4.8,2024-02-24
Lane_E,LSP_01,1475.39,1221.09,95.1,2.4,2024-08-09
Lane_E,LSP_01,1234.09,1017.52,95.7,2.7,2024-07-04
Lane_E,LSP_01,1112.48,890.63,100.0,4.0,2024-11-21
Lane_E,LSP_01,1306.91,990.59,97.3,2.6,2024-08-23
Lane_E,LSP_01,1292.88,998.98,94.3,1.8,2024-12-28
Lane_E,LSP_01,1404.55,1055.47,94.4,2.3,2024-03-19
Lane_E,LSP_01,1258.01,967.7,98.7,2.7,2024-08-10
Lane_E,LSP_01,1053.05,783.87,94.7,2.4,2024-03-31
Lane_E,LSP_01,1161.13,917.16,98.8,3.3,2024-09-24
Lane_E,LSP_01,1207.88,889.7,99.9,3.1,2024-11-29
Lane_E,LSP_01,1177.25,971.3,96.1,2.4,2024-05-18
Lane_E,LSP_01,1126.58,823.41,96.4,0.5,2024-11-11
Lane_E,LSP_01,1125.39,814.88,94.2,3.5,2024-10-02
Lane_E,LSP_01,1207.68,989.97,94.4,1.2,2024-09-04
Lane_E,LSP_01,1390.64,1005.5,100.0,1.6,2024-08-26
Lane_E,LSP_01,1203.93,982.21,94.6,2.7,2024-08-11
Lane_E,LSP_01,1035.68,730.53,99.0,1.8,2024-10-30
Lane_E,LSP_01,1268.53,1021.39,94.7,2.0,2024-05-17
Lane_E,LSP_01,1057.06,877.04,99.5,0.5,2024-06-14
Lane_E,LSP_01,1305.71,1037.95,96.4,1.7,2024-05-05
Lane_E,LSP_02,1499.61,1129.32,81.6,7.2,2024-02-14
Lane_E,LSP_02,1365.72,1172.73,85.9,5.3,2024-05-22
Lane_E,LSP_02,1384.72,1098.36,85.3,6.7,2024-08-18
Lane_E,LSP_02,1305.0,982.89,79.3,5.6,2024-05-04
Lane_E,LSP_02,1273.37,1044.33,83.1,6.3,2024-08-25
Lane_E,LSP_02,1255.67,1078.19,86.2,6.5,2024-10-18
Lane_E,LSP_02,1342.91,1069.63,85.9,7.7,2024-11-08
Lane_E,LSP_02,1294.19,975.73,87.7,5.6,2024-12-08
Lane_E,LSP_02,1284.51,1073.5,89.8,6.5,2024-07-13
Lane_E,LSP_02,1358.93,1184.01,85.0,5.2,2024-06-21
Lane_E,LSP_02,1221.99,1026.53,86.5,6.5,2024-01-15
Lane_E,LSP_02,1514.76,1304.67,84.7,5.7,2024-09-10
Lane_E,LSP_02,1304.38,1095.54,92.0,5.6,2024-06-15
Lane_E,LSP_02,1373.24,1215.1,90.7,7.8,2024-04-03
Lane_E,LSP_02,1348.84,1094.47,90.1,4.7,2024-09-06
Lane_E,LSP_02,1610.0,1297.33,90.1,4.1,2024-04-18
Lane_E,LSP_02,1353.32,1186.46,89.3,6.9,2024-06-30
Lane_E,LSP_02,1463.14,1205.33,85.1,5.3,2024-05-12
Lane_E,LSP_02,1305.28,1131.77,90.5,5.5,2024-06-23
Lane_E,LSP_02,1505.37,1265.45,93.0,7.5,2024-05-23
Lane_E,LSP_03,1385.47,1066.42,97.3,4.4,2024-11-01
Lane_E,LSP_03,1205.3,895.08,88.8,4.3,2024-12-25
Lane_E,LSP_03,1461.66,1083.99,94.1,4.6,2024-05-21
Lane_E,LSP_03,1336.25,959.98,89.5,4.7,2024-10-11
Lane_E,LSP_03,1390.72,1052.42,91.9,3.2,2024-01-06
Lane_E,LSP_03,1294.49,936.3,88.8,5.4,2024-09-21
Lane_E,LSP_03,1143.55,859.87,92.6,3.7,2024-04-07
Lane_E,LSP_03,1306.46,939.52,92.6,4.4,2024-02-13
Lane_E,LSP_03,1298.7,937.23,100.0,3.7,2024-05-03
Lane_E,LSP_03,1201.46,910.64,91.5,4.3,2024-07-27
Lane_E,LSP_03,1350.16,1014.76,89.8,5.4,2024-09-07
Lane_E,LSP_03,1326.58,1104.58,93.9,4.6,2024-10-11
Lane_E,LSP_03,1341.31,1008.55,92.4,4.2,2024-05-03
Lane_E,LSP_03,1160.68,925.12,91.3,3.5,2024-12-19
Lane_E,LSP_03,1188.65,952.38,95.5,1.5,2024-08-31
Lane_E,LSP_03,1382.25,1009.56,92.7,4.1,2024-11-26
Lane_E,LSP_03,1271.32,1029.47,89.4,3.1,2024-12-30
Lane_E,LSP_03,1330.41,947.79,89.3,4.9,2024-09-08
Lane_E,LSP_03,1437.62,1208.06,92.4,4.1,2024-08-17
Lane_E,LSP_03,1629.12,1179.09,85.5,4.4,2024-01-09
Lane_E,LSP_04,1174.62,901.02,89.5,3.7,2024-02-17
Lane_E,LSP_04,1287.71,962.31,89.3,1.5,2024-05-30
Lane_E,LSP_04,1515.24,1180.36,86.0,3.2,2024-04-23
Lane_E,LSP_04,1166.09,963.83,81.5,5.1,2024-07-26
Lane_E,LSP_04,1402.63,1054.3,82.2,5.7,2024-12-20
Lane_E,LSP_04,1446.35,1201.08,86.6,4.4,2024-05-04
Lane_E,LSP_04,1573.34,1288.9,85.0,3.5,2024-06-05
Lane_E,LSP_04,1153.43,944.57,83.9,4.4,2024-12-05
Lane_E,LSP_04,1355.53,1104.2,82.1,3.1,2024-10-24
Lane_E,LSP_04,1372.23,1017.99,85.6,3.1,2024-07-07
Lane_E,LSP_04,1176.12,966.51,85.8,6.0,2024-08-30
Lane_E,LSP_04,1359.66,1045.21,87.7,2.5,2024-10-10
Lane_E,LSP_04,1552.78,1217.7,86.7,3.5,2024-09-28
Lane_E,LSP_04,1621.68,1232.7,86.5,5.8,2024-06-25
Lane_E,LSP_04,1446.73,1066.07,84.3,3.6,2024-08-05
Lane_E,LSP_04,1343.33,1127.72,81.9,5.2,2024-10-08
Lane_E,LSP_04,1246.24,1044.44,89.9,1.7,2024-06-18
Lane_E,LSP_04,1220.59,1052.93,83.4,3.7,2024-06-29
Lane_E,LSP_04,1413.4,1110.93,85.2,3.8,2024-12-25
Lane_E,LSP_04,1302.68,1046.87,86.4,3.0,2024-08-20
Lane_E,LSP_05,1097.6,775.94,91.9,1.3,2024-05-18
Lane_E,LSP_05,1351.19,1002.92,94.9,3.5,2024-06-05
Lane_E,LSP_05,1172.89,935.48,97.5,1.7,2024-05-08
Lane_E,LSP_05,1297.3,1058.41,96.8,0.5,2024-04-28
Lane_E,LSP_05,1410.11,1049.25,100.0,0.7,2024-03-02
Lane_E,LSP_05,1192.61,885.9,98.5,0.8,2024-04-08
Lane_E,LSP_05,1495.81,1204.32,100.0,0.5,2024-06-10
Lane_E,LSP_05,1346.36,1071.96,94.6,1.6,2024-03-02
Lane_E,LSP_05,1339.4,995.74,97.4,0.7,2024-10-01
Lane_E,LSP_05,1183.16,842.0,100.0,0.5,2024-12-19
Lane_E,LSP_05,1296.67,1036.68,100.0,1.5,2024-04-04
Lane_E,LSP_05,1136.25,879.18,98.5,2.1,2024-04-08
Lane_E,LSP_05,1259.46,891.86,96.7,2.1,2024-04-20
Lane_E,LSP_05,1138.38,793.71,98.3,0.5,2024-09-04
Lane_E,LSP_05,1317.85,1026.9,97.4,2.9,2024-05-21
Lane_E,LSP_05,1225.99,999.59,95.0,1.1,2024-10-28
Lane_E,LSP_05,1474.99,1093.6,94.5,1.6,2024-09-25
Lane_E,LSP_05,1165.25,942.79,93.1,1.0,2024-11-01
Lane_E,LSP_05,1163.12,928.7,96.8,1.8,2024-05-24
Lane_E,LSP_05,1381.0,1018.92,97.8,2.9,2024-02-21
Lane_E,LSP_06,1505.3,1319.2,81.3,6.5,2024-04-09
Lane_E,LSP_06,1661.61,1497.48,84.8,8.9,2024-05-31
Lane_E,LSP_06,1520.85,1286.46,74.2,9.4,2024-04-26
Lane_E,LSP_06,1518.51,1273.99,80.1,6.9,2024-07-03
Lane_E,LSP_06,1438.62,1132.77,75.6,7.5,2024-04-01
Lane_E,LSP_06,1386.22,1135.86,77.6,7.4,2024-06-03
Lane_E,LSP_06,1100.47,901.1,84.2,7.8,2024-01-08
Lane_E,LSP_06,1474.69,1233.49,83.1,9.9,2024-12-28
Lane_E,LSP_06,1470.8,1325.91,81.1,10.1,2024-09-30
Lane_E,LSP_06,1523.57,1173.95,76.6,7.8,2024-03-05
Lane_E,LSP_06,1441.03,1126.4,77.8,6.4,2024-05-20
Lane_E,LSP_06,1466.35,1195.52,80.9,5.9,2024-01-24
Lane_E,LSP_06,1590.43,1308.68,82.2,5.4,2024-01-28
Lane_E,LSP_06,1413.19,1084.53,75.0,7.5,2024-10-10
Lane_E,LSP_06,1635.62,1323.51,80.0,6.6,2024-05-29
Lane_E,LSP_06,1384.06,1076.65,79.5,7.5,2024-12-23
Lane_E,LSP_06,1513.38,1259.22,83.8,7.1,2024-03-05
Lane_E,LSP_06,1294.54,1134.12,78.1,8.1,2024-11-22
Lane_E,LSP_06,1391.79,1145.0,73.9,7.4,2024-09-08
Lane_E,LSP_06,1581.35,1373.71,83.1,6.3,2024-02-22
Lane_E,LSP_07,1378.17,1156.69,91.4,5.2,2024-01-07
Lane_E,LSP_07,1282.05,949.94,93.8,2.8,2024-10-20
Lane_E,LSP_07,1386.33,1187.95,82.5,5.4,2024-05-25
Lane_E,LSP_07,1226.59,951.36,88.3,3.8,2024-08-28
Lane_E,LSP_07,1302.25,1013.98,96.2,6.1,2024-09-02
Lane_E,LSP_07,1118.09,894.39,89.7,3.8,2024-08-13
Lane_E,LSP_07,1577.5,1183.83,94.8,6.2,2024-06-23
Lane_E,LSP_07,1251.11,998.81,92.6,3.9,2024-04-04
Lane_E,LSP_07,1491.18,1225.01,90.9,4.7,2024-01-27
Lane_E,LSP_07,1618.98,1198.09,88.4,3.4,2024-05-09
Lane_E,LSP_07,1367.61,1040.77,97.5,5.0,2024-09-01
Lane_E,LSP_07,1298.65,987.84,91.9,5.1,2024-02-28
Lane_E,LSP_07,1312.42,963.81,86.1,5.9,2024-02-03
Lane_E,LSP_07,1580.47,1228.26,92.9,5.1,2024-07-24
Lane_E,LSP_07,1353.49,1140.41,93.2,6.3,2024-09-08
Lane_E,LSP_07,1373.0,1071.17,91.0,5.2,2024-02-07
Lane_E,LSP_07,1173.59,890.04,90.9,4.4,2024-10-22
Lane_E,LSP_07,1236.09,943.73,96.4,6.3,2024-11-18
Lane_E,LSP_07,1556.44,1140.94,86.3,3.5,2024-12-17
Lane_E,LSP_07,1337.29,1016.81,93.7,4.6,2024-01-28
Lane_E,LSP_08,1407.41,1168.07,94.8,2.4,2024-03-18
Lane_E,LSP_08,1399.13,1092.97,96.8,3.6,2024-03-17
Lane_E,LSP_08,1162.39,956.56,96.0,2.2,2024-10-15
Lane_E,LSP_08,1333.31,980.81,99.1,2.5,2024-06-04
Lane_E,LSP_08,1373.06,1108.14,90.6,1.7,2024-02-13
Lane_E,LSP_08,1076.08,790.03,93.1,2.6,2024-05-07
Lane_E,LSP_08,1257.71,1018.7,94.2,3.3,2024-03-01
Lane_E,LSP_08,1405.73,1172.8,90.0,2.2,2024-10-12
Lane_E,LSP_08,1422.57,1113.26,95.7,2.5,2024-08-01
Lane_E,LSP_08,1103.89,825.43,98.7,1.6,2024-11-06
Lane_E,LSP_08,1179.08,896.2,95.3,1.7,2024-11-01
Lane_E,LSP_08,1202.61,974.3,92.3,3.2,2024-11-12
Lane_E,LSP_08,1329.79,1088.39,93.8,1.0,2024-04-25
Lane_E,LSP_08,1140.36,814.98,90.0,2.5,2024-09-24
Lane_E,LSP_08,1181.88,961.49,89.7,2.1,2024-07-13
Lane_E,LSP_08,1365.27,1119.71,94.2,3.1,2024-08-18
Lane_E,LSP_08,1332.57,1108.13,90.5,1.4,2024-08-14
Lane_E,LSP_08,1426.77,1102.47,93.5,4.7,2024-06-01
Lane_E,LSP_08,1236.0,1004.47,90.8,2.4,2024-10-28
Lane_E,LSP_08,1320.08,1048.31,95.2,3.1,2024-08-07
Lane_E,LSP_09,1398.94,1221.35,81.0,7.4,2024-06-05
Lane_E,LSP_09,1329.36,1138.76,76.6,7.8,2024-10-18
Lane_E,LSP_09,1408.24,1069.64,80.2,6.8,2024-11-13
Lane_E,LSP_09,1632.78,1423.33,76.6,6.6,2024-01-31
Lane_E,LSP_09,1437.44,1119.3,83.7,7.1,2024-11-08
Lane_E,LSP_09,1632.78,1366.98,83.8,6.8,2024-02-20
Lane_E,LSP_09,1480.0,1134.96,82.5,7.5,2024-04-16
Lane_E,LSP_09,1528.48,1299.64,82.6,6.7,2024-11-16
Lane_E,LSP_09,1347.39,1090.71,81.0,7.1,2024-04-18
Lane_E,LSP_09,1438.48,1209.79,77.3,6.2,2024-05-15
Lane_E,LSP_09,1399.15,1205.16,80.9,6.0,2024-12-04
Lane_E,LSP_09,1379.64,1039.58,81.3,7.0,2024-02-11
Lane_E,LSP_09,1243.69,995.6,76.1,4.3,2024-03-21
Lane_E,LSP_09,1529.11,1339.6,89.7,9.3,2024-05-02
Lane_E,LSP_09,1394.23,1178.82,79.7,5.4,2024-03-29
Lane_E,LSP_09,1625.5,1319.14,78.1,7.6,2024-10-09
Lane_E,LSP_09,1475.62,1196.84,83.2,5.3,2024-02-08
Lane_E,LSP_09,1381.74,1185.6,73.9,7.1,2024-03-21
Lane_E,LSP_09,1511.18,1209.92,79.6,5.6,2024-01-02
Lane_E,LSP_09,1366.96,1028.0,77.9,7.5,2024-07-28
Lane_E,LSP_10,1382.6,1087.79,87.5,4.5,2024-08-18
Lane_E,LSP_10,1218.98,945.46,91.3,3.0,2024-12-18
Lane_E,LSP_10,1273.69,933.43,88.0,4.4,2024-10-31
Lane_E,LSP_10,1289.54,1080.03,84.9,2.5,2024-08-28
Lane_E,LSP_10,1356.41,1146.97,93.1,4.3,2024-05-29
Lane_E,LSP_10,1524.51,1315.61,88.0,4.5,2024-01-17
Lane_E,LSP_10,1246.44,999.01,89.5,4.8,2024-04-28
Lane_E,LSP_10,1276.48,989.49,89.0,3.9,2024-05-27
Lane_E,LSP_10,1464.22,1066.07,85.5,3.4,2024-12-27
Lane_E,LSP_10,1249.22,949.26,81.7,5.0,2024-05-24
Lane_E,LSP_10,1124.26,952.88,83.3,4.5,2024-12-25
Lane_E,LSP_10,1453.92,1123.98,86.5,4.2,2024-08-20
Lane_E,LSP_10,1218.89,914.69,83.5,4.1,2024-02-06
Lane_E,LSP_10,1378.64,1123.13,87.5,5.8,2024-12-17
Lane_E,LSP_10,1414.34,1062.23,85.8,6.1,2024-04-29
Lane_E,LSP_10,1352.24,1156.97,86.5,4.7,2024-05-15
Lane_E,LSP_10,1224.8,954.69,84.0,5.4,2024-11-16
Lane_E,LSP_10,1076.01,806.82,84.3,5.0,2024-10-28
Lane_E,LSP_10,1348.17,1128.03,81.1,5.3,2024-12-04
Lane_E,LSP_10,1500.06,1123.94,84.4,4.6,2024-04-11
